"_id","tcat_name","tcat_type","tcat_left","tcat_right","tcat_level"
"1","root","1","0","969","0"
"1486"," 1. Авто-Мото","1","1","42","1"
"1506","1.1. Автосервис, услуги","1","2","31","2"
"1507","Автосервис – диагностика, ремонт, покраска","1","3","4","3"
"1508","Автосервис – колеса, диски, шиномонтаж","1","5","6","3"
"1509","Автосервис – сигнализация и электронное оборудование","1","7","8","3"
"1510","Автосервис – тонировка","1","9","10","3"
"1511","1.2. Продажа","1","32","41","2"
"1512","Автозапчасти и принадлежности – продажа","1","35","36","3"
"1513","Автомобили – продажа","1","37","38","3"
"1514","Автошины – продажа","1","39","40","3"
"1515","Автозаправочные станции","1","11","12","3"
"1516","Автомобили – газобалонное оборудование, продажа, установка","1","13","14","3"
"1517","Автомобили – мойка","1","15","16","3"
"1518","Автомобили специализированные","1","17","18","3"
"1519","Автостоянки","1","19","20","3"
"1520","Автотранспорт – грузовые перевозки","1","21","22","3"
"1521","Автотранспорт – пассажирские перевозки","1","23","24","3"
"1522","Автошколы","1","25","26","3"
"1523","Гаражные кооперативы","1","27","28","3"
"1524","Медицинские комиссии для водителей","1","29","30","3"
"1525","Автомасла, автокраски – продажа","1","33","34","3"
"1526"," 2. Аудио-, видео-, бытовая техника","1","43","58","1"
"1527","2.1. Продажа, прокат","1","44","51","2"
"1528","Аудио-, видеокассеты, компакт-диски, DVD – продажа","1","45","46","3"
"1529","Бытовая техника – продажа","1","47","48","3"
"1530","Кондиционеры – продажа, установка, ремонт","1","49","50","3"
"1531","2.2. Ремонт","1","52","57","2"
"1532","Аудио-, видеоаппаратура – обслуживание, ремонт","1","53","54","3"
"1533","Бытовая техника – ремонт","1","55","56","3"
"1534"," 3. Безопасность","1","59","68","1"
"1535","Автоматика для ворот – установка","1","60","61","2"
"1536","Охранная деятельность и безопасность","1","62","63","2"
"1537","Охранно-пожарные системы – продажа, монтаж","1","64","65","2"
"1538","Спутниковая навигация и мониторинг","1","66","67","2"
"1540"," 4. Власть, политика","1","69","134","1"
"1542","Администрации","1","70","71","2"
"1543","ГАИ","1","72","73","2"
"1544","Глава РСО-А","1","74","75","2"
"1545","Агентства","1","76","77","2"
"1546","Архивы","1","78","79","2"
"1547","Военкоматы, воинские части, комендатуры","1","80","81","2"
"1548","Департаменты","1","82","83","2"
"1549","Дирекции","1","84","85","2"
"1550","Другие официальные органы","1","86","87","2"
"1551","Инспекции","1","88","89","2"
"1552","Комиссии","1","90","91","2"
"1553","Комитеты","1","92","93","2"
"1554","Министерства","1","94","95","2"
"1555","Налоговые службы","1","96","97","2"
"1556","Палаты","1","98","99","2"
"1557","Парламент РСО-А","1","100","101","2"
"1558","Вневедомственная охрана","1","102","103","2"
"1559","ГИБДД","1","104","105","2"
"1560","МВД","1","106","107","2"
"1561","ОВД","1","108","109","2"
"1562","Правительство РСО-А","1","110","111","2"
"1563","Представительства","1","112","113","2"
"1564","Прокуратуры","1","114","115","2"
"1565","Профсоюзы","1","116","117","2"
"1566","Службы","1","118","119","2"
"1567","Суды","1","120","121","2"
"1568","Таможня","1","122","123","2"
"1569","Управления","1","124","125","2"
"1570","Фонды","1","126","127","2"
"1571","Центры","1","128","129","2"
"1572","Миграционные службы","1","130","131","2"
"1573","ОВИР","1","132","133","2"
"1574"," 5. Госучреждения, госпредприятия","1","135","154","1"
"1575","БТИ","1","136","137","2"
"1576","Городской пассажирский транспорт","1","138","139","2"
"1577","ЗАГСы, Дворцы бракосочетания, брачные агентства","1","140","141","2"
"1578","Лицензирование и сертификация товаров и услуг","1","142","143","2"
"1579","Метеорология","1","144","145","2"
"1580","Метрология","1","146","147","2"
"1581","Санитарно-эпидемиологические службы","1","148","149","2"
"1582","Трудоустройство","1","150","151","2"
"1583","Экологические организации – охрана окружающей среды","1","152","153","2"
"1584"," 6. Дети","1","155","198","1"
"1585","6.1. Детские организации","1","156","165","2"
"1586","Детские дома, приемники, приюты","1","157","158","3"
"1587","Детские сады, ясли","1","159","160","3"
"1588","Детские и молодежные организации","1","161","162","3"
"1589","Детские развлекательные центры","1","163","164","3"
"1590","6.2. Детские товары","1","166","175","2"
"1591","Детская одежда, детские товары – продажа","1","167","168","3"
"1592","Детские товары – игрушки, игры","1","169","170","3"
"1593","Детское питание – продажа","1","171","172","3"
"1594","Товары для будущих матерей","1","173","174","3"
"1595","6.3. Школы","1","176","197","2"
"1596","Школы – вечерние","1","177","178","3"
"1597","Школы – искусств","1","179","180","3"
"1598","Школы – лицеи","1","181","182","3"
"1601","Школы – моделей","1","183","184","3"
"1602","Школы – музыкальные","1","185","186","3"
"1603","Школы – общеобразовательные","1","187","188","3"
"1604","Школы – специализированные","1","189","190","3"
"1605","Школы – спортивные","1","191","192","3"
"1606","Школы – художественные","1","193","194","3"
"1607","Школы – частные","1","195","196","3"
"1608"," 7. Досуг","1","199","230","1"
"1609","Бани и сауны","1","200","201","2"
"1610","Бильярд","1","202","203","2"
"1611","Букмекеры","1","204","205","2"
"1612","Выставочные залы и галереи художественные","1","206","207","2"
"1613","Дворцы и дома культуры, клубы","1","208","209","2"
"1614","Кинотеатры и киноконцертные залы, DVD-залы","1","210","211","2"
"1615","Клубы ночные, дискотеки","1","212","213","2"
"1616","Книги – продажа","1","214","215","2"
"1617","Охота и рыболовство – хозяйства, общества","1","216","217","2"
"1618","Парки культуры и отдыха","1","218","219","2"
"1619","Рестораны, бары, кафе, банкетные залы","1","220","221","2"
"1620","Спортивные комплексы, стадионы, залы, бассейны","1","222","223","2"
"1621","Театры","1","224","225","2"
"1622","Фитнес-клубы","1","226","227","2"
"1623","Хоры","1","228","229","2"
"1624"," 8. Животные и растения","1","247","256","1"
"1625","Ветеринарные клиники, станции, участки","1","248","249","2"
"1626","Зоологические товары и услуги","1","250","251","2"
"1627","Кинологические организации, фелинологи","1","252","253","2"
"1628","Цветы, декоративные растения – продажа","1","254","255","2"
"1629"," 9. ЖКХ, аварийные службы","1","231","246","1"
"1630","Аварийные службы","1","232","233","2"
"1631","Водоснабжение и канализация","1","234","235","2"
"1632","Жилищно-коммунальное хозяйство","1","236","237","2"
"1633","Лифты – техническое обслуживание","1","238","239","2"
"1634","Озеленение и благоустройство","1","240","241","2"
"1635","Теплосеть – теплоснабжение","1","242","243","2"
"1636","Электроснабжение","1","244","245","2"
"1637","10. Инвалиды, ветераны","1","257","262","1"
"1638","Дома и пансионаты для ветеранов, инвалидов и престарелых","1","258","259","2"
"1639","Школы – интернаты","1","260","261","2"
"1640","11. Интернет и связь","1","263","292","1"
"1641","11.1. Интернет","1","286","291","2"
"1642","Интернет – веб-дизайн","1","287","288","3"
"1643","Интернет – услуги доступа","1","289","290","3"
"1644","11.2. Связь","1","264","285","2"
"1645","Антенны – телевизионные, спутниковые","1","265","266","3"
"1646","Почта международная","1","267","268","3"
"1647","Почтовые услуги","1","269","270","3"
"1648","Радиосвязь – системы, оборудование, устройства","1","271","272","3"
"1649","Связь – телекоммуникационные услуги","1","273","274","3"
"1650","Сотовая связь","1","275","276","3"
"1651","Сотовые телефоны – продажа, подключение","1","277","278","3"
"1652","Сотовые телефоны – ремонт","1","279","280","3"
"1653","Телефон – телефонная сеть","1","281","282","3"
"1654","Телефон, телеграф – междугородный, международный","1","283","284","3"
"1655","12. Интерьер, обустройство жилья","1","293","330","1"
"1656","12.1. Дизайн, проектирование","1","294","305","2"
"1657","Бассейны, фонтаны – строительство","1","295","296","3"
"1658","Дизайн интерьера","1","297","298","3"
"1659","Ландшафтное проектирование, фитодизайн","1","299","300","3"
"1660","Озеленение и благоустройство","1","301","302","3"
"1661","Тонировка окон","1","303","304","3"
"1662","12.2. Мебель, предметы интерьера","1","306","323","2"
"1663","Жалюзи и рольставни – продажа, установка, ремонт","1","307","308","3"
"1664","Занавеси, шторы, карнизы – пошив, продажа","1","309","310","3"
"1665","Зеркала – изготовление, ремонт, продажа","1","311","312","3"
"1666","Ковры, паласы, ковровые покрытия – продажа","1","313","314","3"
"1667","Мебель – изготовление и ремонт","1","315","316","3"
"1668","Мебель для дома – продажа","1","317","318","3"
"1669","Мебель для офисов и предприятий – продажа","1","319","320","3"
"1670","Мебельная фурнитура – продажа","1","321","322","3"
"1671","12.3. Посуда","1","324","329","2"
"1672","Посуда – продажа","1","325","326","3"
"1673","Посуда разовая – продажа","1","327","328","3"
"1674","13. Компьютеры, оргтехника","1","331","342","1"
"1675","Бухгалтерские программы","1","332","333","2"
"1676","Компьютерные клубы","1","334","335","2"
"1677","Компьютеры – программное обеспечение","1","336","337","2"
"1678","Компьютеры, оргтехника – продажа, ремонт, сервис","1","338","339","2"
"1679","Локальные вычислительные сети","1","340","341","2"
"1680","14. Красота и здоровье","1","343","356","1"
"1681","Интимные товары – продажа","1","344","345","2"
"1682","Косметика и парфюмерия – продажа","1","346","347","2"
"1683","Парикмахерские принадлежности","1","348","349","2"
"1684","Салоны красоты, парикмахерские","1","350","351","2"
"1685","Санатории, профилактории, дома и базы отдыха","1","352","353","2"
"1686","Фитнес-клубы","1","354","355","2"
"1687","15. Культура и искусство","1","357","384","1"
"1688","Библиотеки","1","358","359","2"
"1689","Дворцы и дома культуры, клубы","1","360","361","2"
"1690","Декоративно-прикладное искусство","1","362","363","2"
"1691","Кино-, видеостудии","1","364","365","2"
"1692","Кинотеатры и киноконцертные залы, DVD-залы","1","366","367","2"
"1693","Культурно-просветительская деятельность","1","368","369","2"
"1694","Музеи","1","370","371","2"
"1695","Музыкальные инструменты – производство, продажа, ремонт","1","372","373","2"
"1696","Оборудование звуковое и осветительное","1","374","375","2"
"1697","Общественные организации и ассоциации","1","376","377","2"
"1698","Парки культуры и отдыха","1","378","379","2"
"1699","Персональные мастерские","1","380","381","2"
"1700","Танцевальные и музыкальные ансамбли, оркестры","1","382","383","2"
"1701","16. Медицина","1","385","438","1"
"1702","Амбулатории, здравпункты, медпункты","1","386","387","2"
"1703","Аптеки","1","388","389","2"
"1704","Больницы","1","390","391","2"
"1705","Врачебно-трудовые экспертизы","1","392","393","2"
"1706","Газы технические и медицинские – продажа, производство","1","394","395","2"
"1707","Диспансеры","1","396","397","2"
"1708","Женские консультации","1","398","399","2"
"1709","Линзы контактные","1","400","401","2"
"1710","Медицина – диагностика, консультации, обследование","1","402","403","2"
"1711","Медицина – косметология и пластическая хирургия","1","404","405","2"
"1712","Медицина – лаборатории","1","406","407","2"
"1713","Медицина – немедикаментозные методы лечения","1","408","409","2"
"1714","Медицина – объединения, центры","1","410","411","2"
"1715","Медицина – судебная экспертиза","1","412","413","2"
"1716","Медицинские комиссии для водителей","1","414","415","2"
"1717","Медицинские приборы, инструменты – продажа","1","416","417","2"
"1718","Очки и оптика – продажа","1","418","419","2"
"1719","Поликлиники","1","420","421","2"
"1720","Психологи, психиатрическая помощь","1","422","423","2"
"1721","Родильные дома","1","424","425","2"
"1722","Санатории, профилактории, дома и базы отдыха","1","426","427","2"
"1723","Скорая медицинская помощь","1","428","429","2"
"1724","СПИД – диагностика, консультации","1","430","431","2"
"1725","Станции переливания крови","1","432","433","2"
"1726","Стоматологическая помощь","1","434","435","2"
"1727","Травматологические пункты","1","436","437","2"
"1728","17. Наука","1","439","446","1"
"1729","Геологи","1","440","441","2"
"1730","Институты – научно-исследовательские, проектные","1","442","443","2"
"1731","Картография и геодезия","1","444","445","2"
"1732","18. Недвижимость","1","447","454","1"
"1733","Недвижимость – оценка","1","448","449","2"
"1734","Недвижимость – покупка, продажа, аренда","1","450","451","2"
"1735","Общежития","1","452","453","2"
"1736","19. Образование, карьера","1","455","468","1"
"1737","Высшие учебные заведения","1","456","457","2"
"1738","Дошкольное обучение дополнительное","1","458","459","2"
"1739","Иностранные языки – переводы","1","460","461","2"
"1740","Курсы – обучения и переподготовки","1","462","463","2"
"1741","Образование среднее, профессиональное","1","464","465","2"
"1742","Обучение за рубежом","1","466","467","2"
"1743","20. Общественные организации, религия","1","469","476","1"
"1744","Политические партии, организации","1","470","471","2"
"1745","Религия – организации","1","472","473","2"
"1746","Общественные организации и ассоциации","1","474","475","2"
"1747","21. Одежда, обувь","1","477","510","1"
"1748","Ателье – пошив театральных костюмов","1","478","479","2"
"1749","Ателье пошива, ремонта","1","480","481","2"
"1750","Ателье пошива, ремонта – кожаные и меховые изделия","1","482","483","2"
"1751","Ателье пошива, ремонта – национальная одежда","1","484","485","2"
"1752","Белье – продажа","1","486","487","2"
"1753","Меха и меховые изделия – продажа","1","488","489","2"
"1754","Обувь – пошив, ремонт, окраска","1","490","491","2"
"1755","Обувь – продажа","1","492","493","2"
"1756","Обувь – протезно-ортопедическая – изготовление, ремонт","1","494","495","2"
"1757","Одежда second hand","1","496","497","2"
"1758","Одежда женская – продажа","1","498","499","2"
"1759","Одежда мужская – продажа","1","500","501","2"
"1760","Свадебные принадлежности, аксессуары – продажа, прокат","1","502","503","2"
"1761","Спортивные и туристические товары – продажа","1","504","505","2"
"1762","Товары для будущих матерей","1","506","507","2"
"1763","Чулочно-носочные изделия – производство","1","508","509","2"
"1764","22. Продукты питания","1","511","546","1"
"1765","22.1. Продажа","1","526","545","2"
"1766","Алкогольные напитки – продажа","1","527","528","3"
"1767","Безалкогольные напитки – производство, оптовая продажа","1","529","530","3"
"1768","Вода минеральная, питьевая – производство, оптовая продажа","1","531","532","3"
"1769","Кондитерские изделия – производство, продажа","1","533","534","3"
"1770","Мед – продажа","1","535","536","3"
"1771","Продовольственные магазины","1","537","538","3"
"1772","Торговые организации – оптовые фирмы","1","539","540","3"
"1773","Чай, кофе – продажа","1","541","542","3"
"1774","22.2. Производство","1","512","525","2"
"1775","Алкоголь – производство","1","513","514","3"
"1776","Мороженое – производство, продажа","1","515","516","3"
"1777","Пиво – производство, оптовая продажа","1","517","518","3"
"1778","Промышленное производство – пищевая промышленность","1","519","520","3"
"1779","Рыба – рыбохозяйства","1","521","522","3"
"1780","Хлебопродукты – производство","1","523","524","3"
"1781","23. Промышленное и торговое оборудование, материально-техническое обеспечение","1","547","558","1"
"1782","Газ природный – поставка, переработка","1","548","549","2"
"1783","Промышленное оборудование","1","550","551","2"
"1784","Промышленность – материально-техническое снабжение","1","552","553","2"
"1785","Сварочное оборудование, электроды – продажа","1","554","555","2"
"1786","Трубы и трубопроводная арматура – продажа","1","556","557","2"
"1787","24. Промышленное производство","1","559","592","1"
"1788","Бетон – производство, продажа","1","560","561","2"
"1789","Вторичное сырье – переработка, продажа","1","562","563","2"
"1790","Дорожные знаки – изготовление","1","564","565","2"
"1791","Камень натуральный – обработка, производство изделий","1","566","567","2"
"1792","Лесопиломатериалы – продажа, производство","1","568","569","2"
"1793","Нефтепродукты – переработка, производство","1","570","571","2"
"1794","Полимерные материалы и изделия","1","572","573","2"
"1795","Промышленное производство – добывающая промышленность","1","574","575","2"
"1796","Промышленное производство – легкая промышленность","1","576","577","2"
"1797","Промышленное производство – машиностроение, приборостроение","1","578","579","2"
"1798","Промышленное производство – металлургия","1","580","581","2"
"1799","Промышленное производство – строительные материалы","1","582","583","2"
"1800","Промышленное производство – химическая промышленность","1","584","585","2"
"1801","Промышленное производство – электроника","1","586","587","2"
"1802","Стеклоизделия, стеклотара – производство","1","588","589","2"
"1803","Упаковка, тара – производство","1","590","591","2"
"1804","25. Реклама, полиграфия","1","593","616","1"
"1805","Оперативная полиграфия","1","594","595","2"
"1806","Реклама – в сети Интернет","1","596","597","2"
"1807","Реклама – наружная реклама","1","598","599","2"
"1808","Реклама – организация и проведение рекламных кампаний","1","600","601","2"
"1809","Реклама – полиграфия рекламная","1","602","603","2"
"1810","Реклама – прямая почтовая реклама","1","604","605","2"
"1811","Реклама – размещение в справочниках, газетах, журналах","1","606","607","2"
"1812","Реклама – реклама на телевидении и радио","1","608","609","2"
"1813","Реклама – сырье, материалы","1","610","611","2"
"1814","Рекламная деятельность, рекламные агентства","1","612","613","2"
"1815","Типографии","1","614","615","2"
"1816","26. Сельское хозяйство","1","617","632","1"
"1817","Агрохимия","1","618","619","2"
"1818","Колхозы, совхозы, крестьянско-фермерские хозяйства","1","620","621","2"
"1819","Коневодство, конезаводы","1","622","623","2"
"1820","Птицеводство","1","624","625","2"
"1821","Садоводство – садоводческие товарищества","1","626","627","2"
"1822","Садоводство – семена, рассада, инвентарь","1","628","629","2"
"1823","Сельхозтехника, оборудование, инвентарь – продажа","1","630","631","2"
"1824","27. СМИ, печать","1","709","720","1"
"1825","Газеты, журналы, справочники – редакции","1","710","711","2"
"1826","Издательства","1","712","713","2"
"1827","Информационные агентства, службы, центры","1","714","715","2"
"1828","Роспечать","1","716","717","2"
"1829","Телевидение и радиовещание","1","718","719","2"
"1830","28. Спорт","1","721","732","1"
"1831","Бильярд","1","722","723","2"
"1832","Спортивные и туристические товары – продажа","1","724","725","2"
"1833","Спортивные общества, клубы, федерации","1","726","727","2"
"1834","Спортивные комплексы, стадионы, залы, бассейны","1","728","729","2"
"1835","Школы – спортивные","1","730","731","2"
"1836","29. Строительство","1","633","708","1"
"1837","29.1. Строительное оборудование, материалы, инструменты","1","634","671","2"
"1838","Асфальт – производство, продажа","1","635","636","3"
"1839","Бани, сауны, камины, печи – продажа и монтаж оборудования","1","637","638","3"
"1840","Инструменты – продажа, ремонт","1","639","640","3"
"1841","Инструменты – производство","1","641","642","3"
"1842","Лексан – продажа","1","643","644","3"
"1843","Насосы, насосное оборудование – продажа, установка","1","645","646","3"
"1844","Обои – продажа","1","647","648","3"
"1845","Окна и двери из алюминия","1","649","650","3"
"1846","Окна и двери из дерева","1","651","652","3"
"1847","Окна и двери из металлопластика","1","653","654","3"
"1848","Отопительное оборудование и системы – продажа, монтаж","1","655","656","3"
"1849","Паркет, паркетная доска – продажа","1","657","658","3"
"1850","Сантехника – продажа","1","659","660","3"
"1851","Строительные и отделочные материалы – продажа","1","661","662","3"
"1852","Строительные и отделочные материалы – производство","1","663","664","3"
"1853","Строительные конструкции – производство, продажа","1","665","666","3"
"1854","Строительные, строительно-монтажные организации","1","667","668","3"
"1855","Хозтовары – продажа","1","669","670","3"
"1856","29.2. Строительные услуги","1","672","707","2"
"1857","Вентиляционные системы – изготовление, монтаж, ремонт","1","673","674","3"
"1858","Витражи – изготовление","1","675","676","3"
"1859","Дорожно-строительные работы","1","677","678","3"
"1860","Инжиниринг – услуги","1","679","680","3"
"1861","Лестницы – изготовление","1","681","682","3"
"1862","Натяжные потолки – изготовление, установка","1","683","684","3"
"1863","Отделочно-строительные и ремонтные работы","1","685","686","3"
"1864","Проектирование промышленных и гражданских объектов","1","687","688","3"
"1865","Промышленный альпинизм","1","689","690","3"
"1866","Сантехническое и отопительное оборудование – монтаж","1","691","692","3"
"1868","Строительные работы – гидроизоляционные и гидротехнические","1","693","694","3"
"1869","Строительные работы – земляные","1","695","696","3"
"1870","Строительные работы – кровельные","1","697","698","3"
"1871","Строительные работы – монтажные","1","699","700","3"
"1872","Трубопроводы – строительство, монтаж, ремонт","1","701","702","3"
"1873","Электромонтажные и электротехнические работы","1","703","704","3"
"1874","Энергетика – строительство, обслуживание объектов","1","705","706","3"
"1875","30. Торговля","1","855","960","1"
"1876","30.1. Оптовая торговля","1","954","959","2"
"1877","Топливо – оптовая продажа","1","955","956","3"
"1878","Торговые организации – оптовые фирмы","1","957","958","3"
"1879","30.2. Розничная торговля","1","856","935","2"
"1880","Автошины – продажа","1","857","858","3"
"1881","Багет – продажа","1","859","860","3"
"1882","Бижутерия, галантерея, кожгалантерея – продажа","1","861","862","3"
"1883","Бумага, картон – продажа, производство","1","863","864","3"
"1884","Бытовая химия – продажа","1","865","866","3"
"1885","Военная форма, спецодежда и фурнитура – пошив, продажа","1","867","868","3"
"1886","Вышивка – изготовление, продажа","1","869","870","3"
"1887","Газы технические и медицинские – продажа, производство","1","871","872","3"
"1888","Железобетонные изделия и конструкции – производство","1","873","874","3"
"1889","Замки, запорные устройства – продажа, установка, ремонт","1","875","876","3"
"1890","Занавеси, шторы, карнизы – пошив, продажа","1","877","878","3"
"1891","Зеркала – изготовление, ремонт, продажа","1","879","880","3"
"1892","Интимные товары – продажа","1","881","882","3"
"1893","Канцелярские товары – продажа","1","883","884","3"
"1894","Кассовые аппараты, весы – продажа, расходные материалы, ремонт","1","885","886","3"
"1895","Ковры, паласы, ковровые покрытия – продажа","1","887","888","3"
"1896","Кожаные изделия – продажа","1","889","890","3"
"1897","Колбасные изделия – продажа, производство","1","891","892","3"
"1898","Колбасные изделия – продажа, производство","1","543","544","3"
"1899","Кондиционеры – продажа, установка, ремонт","1","893","894","3"
"1900","Подарки, сувениры – продажа","1","895","896","3"
"1901","Подшипники – продажа","1","897","898","3"
"1902","Постельные принадлежности – производство, продажа","1","899","900","3"
"1903","Посуда – продажа","1","901","902","3"
"1904","Посуда разовая – продажа","1","903","904","3"
"1905","Пряжа – продажа","1","905","906","3"
"1906","Рынки, торговые дома, центры","1","907","908","3"
"1907","Свадебные принадлежности, аксессуары – продажа, прокат","1","909","910","3"
"1908","Сварочное оборудование, электроды – продажа","1","911","912","3"
"1909","Сейфы – продажа, ремонт","1","913","914","3"
"1910","Стекло – продажа","1","915","916","3"
"1911","Супермаркеты, универсамы, универмаги","1","917","918","3"
"1912","Табачные изделия – продажа","1","919","920","3"
"1913","Ткани и швейная фурнитура – продажа","1","921","922","3"
"1914","Торговое оборудование – производство, продажа, сервис","1","923","924","3"
"1915","Торговые организации – потребсоюзы","1","925","926","3"
"1916","Упаковка, тара – продажа, услуги","1","927","928","3"
"1917","Часы – продажа","1","929","930","3"
"1918","Электротовары – продажа","1","931","932","3"
"1919","Ювелирные изделия – продажа","1","933","934","3"
"1920","30.3. Торговля строительными материалами и оборудованием","1","936","953","2"
"1921","Гипсокартон – продажа","1","937","938","3"
"1922","Кирпич – производство, продажа","1","939","940","3"
"1923","Краски, лаки – продажа","1","941","942","3"
"1924","Кровельные материалы – продажа","1","943","944","3"
"1925","Металлоизделия, металлоконструкции – изготовление, продажа","1","945","946","3"
"1926","Металлопрокат – продажа","1","947","948","3"
"1927","Тротуарная плитка – производство, продажа","1","949","950","3"
"1928","Цемент – продажа","1","951","952","3"
"1929","31. Услуги","1","733","854","1"
"1930","31.2. Бытовые услуги","1","734","773","2"
"1931","Бытовые услуги","1","735","736","3"
"1932","Курьерские службы, услуги","1","737","738","3"
"1933","Ломбарды","1","739","740","3"
"1934","Отходы и мусор – вывоз и переработка","1","741","742","3"
"1935","Оформление свадеб, юбилеев и других торжеств","1","743","744","3"
"1936","Праздники – организация, обеспечение","1","745","746","3"
"1937","Прачечные","1","747","748","3"
"1938","Прокатные пункты – палатки, столы, посуда","1","749","750","3"
"1939","Ритуальные услуги","1","751","752","3"
"1940","Свадебные принадлежности, аксессуары – продажа, прокат","1","753","754","3"
"1941","Сотовая связь – оплата услуг","1","755","756","3"
"1942","Справочные службы","1","757","758","3"
"1943","Тонировка окон","1","759","760","3"
"1944","Уборка помещений","1","761","762","3"
"1945","Упаковка, тара – продажа, услуги","1","763","764","3"
"1946","Фотолаборатории, фотоуслуги, фотоателье","1","765","766","3"
"1947","Химическая чистка и окрашивание","1","767","768","3"
"1948","Ювелирные изделия – изготовление, ремонт","1","769","770","3"
"1949","Юридические консультации и услуги","1","771","772","3"
"1950","31.1. Бизнес-услуги","1","798","835","2"
"1951","Авиагрузоперевозки","1","799","800","3"
"1952","Аудиторские и бухгалтерские услуги","1","801","802","3"
"1953","Бухгалтерские программы","1","803","804","3"
"1954","Газы технические и медицинские – продажа, производство","1","805","806","3"
"1955","Землеустроители","1","807","808","3"
"1956","Иностранные языки – переводы","1","809","810","3"
"1957","Интернет – веб-дизайн","1","811","812","3"
"1958","Интернет – услуги доступа","1","813","814","3"
"1959","Кассовые аппараты, весы – продажа, расходные материалы, ремонт","1","815","816","3"
"1960","Компьютеры – программное обеспечение","1","817","818","3"
"1961","Конференц-залы","1","819","820","3"
"1962","Курьерские службы, услуги","1","821","822","3"
"1963","Локальные вычислительные сети","1","823","824","3"
"1964","Печати, штампы – изготовление","1","825","826","3"
"1965","Складские услуги","1","827","828","3"
"1966","Торговое оборудование – производство, продажа, сервис","1","829","830","3"
"1967","Упаковка, тара – продажа, услуги","1","831","832","3"
"1968","Услуги – бизнес для бизнеса","1","833","834","3"
"1969","31.3. Транспорт и логистика","1","782","797","2"
"1970","Авиагрузоперевозки","1","783","784","3"
"1971","Авиакомпании","1","785","786","3"
"1972","Билеты авиа-, ж/д транспорт – продажа, заказ","1","787","788","3"
"1973","Вокзалы, автовокзалы, аэровокзалы","1","789","790","3"
"1974","Такси легковые","1","791","792","3"
"1975","Эвакуация транспорта","1","793","794","3"
"1976","Автотранспорт – грузовые перевозки","1","795","796","3"
"1977","31.4. Туристические услуги","1","774","781","2"
"1978","Гостиницы","1","775","776","3"
"1979","Охотничьи и рыболовные принадлежности","1","777","778","3"
"1980","Туристические фирмы и экскурсионные бюро","1","779","780","3"
"1981","31.5. Финансы и страхование","1","842","853","2"
"1982","Банки","1","843","844","3"
"1983","Банки – пункты обмена валют","1","845","846","3"
"1984","Страхование, страховые компании","1","847","848","3"
"1985","Ценные бумаги – операции, реестры","1","849","850","3"
"1986","31.6. Юридические услуги","1","836","841","2"
"1987","Нотариусы","1","837","838","3"
"1988","Юридические консультации и услуги","1","839","840","3"
"1989","32. Экология","1","961","968","1"
"1990","Заповедники, заказники","1","962","963","2"
"1991","Озеленение и благоустройство","1","964","965","2"
"1992","Экологические организации – охрана окружающей среды","1","966","967","2"
"1996","root","4","0","179","0"
"1997","ДЛЯ СЕБЯ","4","1","22","1"
"1998","Одежда и обувь","4","2","5","2"
"1999","ДЛЯ ДУШИ","4","23","38","1"
"2001","Белье","4","6","7","2"
"2002","Косметика, парфюмерия","4","8","9","2"
"2003","Бижутерия, кожгалантерея","4","10","11","2"
"2004","Ювелирные украшения","4","12","13","2"
"2005","Меха","4","14","15","2"
"2006","Сотовые телефоны","4","16","17","2"
"2007","Ткани","4","18","19","2"
"2008","Интимные товары","4","20","21","2"
"2009","Книги","4","24","25","2"
"2010","Музыка и видео","4","26","27","2"
"2011","Музыкальные инструменты","4","28","29","2"
"2012","Картины, багет","4","30","31","2"
"2013","Фототовары","4","32","33","2"
"2014","Туризм, охота, рыбалка","4","34","35","2"
"2015","Рукоделие","4","36","37","2"
"2016","ДЛЯ НОВОБРАЧНЫХ","4","39","46","1"
"2017","Свадебные принадлежности","4","40","41","2"
"2018","Оформление торжеств","4","42","43","2"
"2019","Пиротехника, фейерверки","4","44","45","2"
"2020","ДЛЯ ДОМА","4","47","72","1"
"2021","Мебель","4","48","49","2"
"2022","Аудио-, видео-, бытовая техника","4","50","51","2"
"2023","Постельные принадлежности","4","52","53","2"
"2024","Посуда","4","54","55","2"
"2025","Жалюзи, рольставни","4","56","57","2"
"2026","Занавеси, шторы, карнизы","4","58","59","2"
"2027","Ковры, ковровые покрытия","4","60","61","2"
"2028","Зеркала","4","62","63","2"
"2029","Кондиционеры","4","64","65","2"
"2030","Электротовары","4","66","67","2"
"2031","Охранные системы","4","68","69","2"
"2032","Бытовая химия","4","70","71","2"
"2033","ДЛЯ РЕМОНТА","4","73","98","1"
"2034","Строительные материалы","4","74","75","2"
"2035","Отделочные материалы","4","76","77","2"
"2036","Обои","4","78","79","2"
"2037","Сантехника, отопление","4","80","81","2"
"2038","Окна и двери","4","82","83","2"
"2039","Краски, лаки","4","84","85","2"
"2040","Бассейны, фонтаны","4","86","87","2"
"2041","Лестницы","4","88","89","2"
"2042","Бани, сауны, камины","4","90","91","2"
"2043","Дизайн интерьера","4","92","93","2"
"2044","Инструменты, оборудование","4","94","95","2"
"2045","ДЛЯ ЗДОРОВЬЯ И СПОРТА","4","99","116","1"
"2046","Аптеки","4","100","101","2"
"2047","Салоны красоты","4","102","103","2"
"2048","Очки и оптика","4","104","105","2"
"2049","Парикмахерские принадлежности","4","106","107","2"
"2050","Фитнес-клубы, тренажеры","4","108","109","2"
"2051","Спортивная одежда, обувь, инвентарь","4","110","111","2"
"2052","Медицинские приборы, инструменты","4","112","113","2"
"2053","Туристические фирмы","4","114","115","2"
"2054","ДЛЯ АВТО","4","117","124","1"
"2055","Автомобили","4","118","119","2"
"2056","Автозапчасти, аксессуары","4","120","121","2"
"2057","Автоэлектроника","4","122","123","2"
"2058","ДЛЯ ДЕТЕЙ","4","125","134","1"
"2059","Одежда, обувь","4","126","127","2"
"2060","Детское питание","4","128","129","2"
"2061","Игрушки, игры","4","130","131","2"
"2062","Товары для будущих матерей","4","132","133","2"
"2063","ДЛЯ ГУРМАНОВ","4","135","146","1"
"2064","Супермаркеты, продовольственные магазины","4","136","137","2"
"2065","Кондитерские изделия","4","138","139","2"
"2066","Чай, кофе","4","140","141","2"
"2067","Спиртные напитки","4","142","143","2"
"2068","Табак","4","144","145","2"
"2069","ДЛЯ БИЗНЕСА","4","147","158","1"
"2070","Компьютеры, оргтехника","4","148","149","2"
"2071","Офисная мебель","4","150","151","2"
"2072","Торговое оборудование","4","152","153","2"
"2073","Сейфы","4","154","155","2"
"2074","Канцелярские товары","4","156","157","2"
"2075","ДЛЯ ДРУЗЕЙ","4","159","170","1"
"2076","Подарки, сувениры","4","160","161","2"
"2077","Часы","4","162","163","2"
"2078","Оружие","4","164","165","2"
"2079","Цветы","4","166","167","2"
"2080","Упаковка","4","168","169","2"
"2081","ДЛЯ ДАЧИ, САДА И ПИТОМЦЕВ","4","171","178","1"
"2082","Цветы, семена, саженцы","4","172","173","2"
"2083","Ландшафтное проектирование, фитодизайн","4","174","175","2"
"2084","Зоологические товары и услуги","4","176","177","2"
"2085","Натяжные потолки","4","96","97","2"
"2086","root","5","0","15","0"
"2087","РЕСТОРАНЫ, БАНКЕТНЫЕ ЗАЛЫ","5","1","2","1"
"2088","КАФЕ, БАРЫ","5","3","4","1"
"2090","НОЧНЫЕ КЛУБЫ, ДИСКОТЕКИ","5","5","6","1"
"2091","БАНИ И САУНЫ","5","7","8","1"
"2092","БИЛЬЯРД","5","9","10","1"
"2093","ГОСТИНИЦЫ","5","11","12","1"
"2094","КИНОТЕАТРЫ И КИНОЗАЛЫ","5","13","14","1"
"2095","Банкоматы, терминалы оплаты","1","851","852","3"
