"_id","name","org_count"
"480","АВАРИЙНЫЕ СЛУЖБЫ ","0"
"490","АВИАКОМПАНИИ ","0"
"500","АВТОЗАПРАВОЧНЫЕ СТАНЦИИ","2"
"510","АВТОЗАПЧАСТИ И ПРИНАДЛЕЖНОСТИ – ПРОДАЖА ","68"
"520","АВТОМАСЛА, АВТОКРАСКИ – ПРОДАЖА ","33"
"540","АВТОМАТИКА ДЛЯ ВОРОТ – УСТАНОВКА","18"
"560","АВТОМОБИЛИ – ГАЗОБАЛОННОЕ ОБОРУДОВАНИЕ, ПРОДАЖА, УСТАНОВКА","0"
"570","АВТОМОБИЛИ – МОЙКА","5"
"580","АВТОМОБИЛИ – ПРОДАЖА ","11"
"600","АВТОМОБИЛИ СПЕЦИАЛИЗИРОВАННЫЕ","3"
"610","АВТОСЕРВИС – ДИАГНОСТИКА, РЕМОНТ, ПОКРАСКА","21"
"611","АВТОСЕРВИС – КОЛЕСА, ДИСКИ, ШИНОМОНТАЖ ","7"
"612","АВТОСЕРВИС – СИГНАЛИЗАЦИЯ И ЭЛЕКТРОННОЕ ОБОРУДОВАНИЕ","12"
"613","АВТОСЕРВИС – ТОНИРОВКА","1"
"620","АВТОСТОЯНКИ","1"
"630","АВТОТРАНСПОРТ – ГРУЗОВЫЕ ПЕРЕВОЗКИ","2"
"640","АВТОТРАНСПОРТ – ПАССАЖИРСКИЕ ПЕРЕВОЗКИ","1"
"660","АВТОШИНЫ – ПРОДАЖА","9"
"670","АВТОШКОЛЫ ","0"
"690","АГРОХИМИЯ","0"
"699","АЛКОГОЛЬ – ПРОИЗВОДСТВО","1"
"700","АЛКОГОЛЬНЫЕ НАПИТКИ – ПРОДАЖА","15"
"710","АМБУЛАТОРИИ, ЗДРАВПУНКТЫ, МЕДПУНКТЫ","0"
"720","АНТЕННЫ – ТЕЛЕВИЗИОННЫЕ, СПУТНИКОВЫЕ","18"
"740","АПТЕКИ ","191"
"750","АСФАЛЬТ – ПРОИЗВОДСТВО, ПРОДАЖА","0"
"760","АТЕЛЬЕ – ПОШИВ ТЕАТРАЛЬНЫХ КОСТЮМОВ","1"
"770","АТЕЛЬЕ ПОШИВА, РЕМОНТА","13"
"790","АТЕЛЬЕ ПОШИВА, РЕМОНТА – КОЖАНЫЕ И МЕХОВЫЕ ИЗДЕЛИЯ","1"
"800","АТЕЛЬЕ ПОШИВА, РЕМОНТА – НАЦИОНАЛЬНАЯ ОДЕЖДА","8"
"810","АУДИО-, ВИДЕОАППАРАТУРА – ОБСЛУЖИВАНИЕ, РЕМОНТ","2"
"830","АУДИО-, ВИДЕОКАССЕТЫ, КОМПАКТ-ДИСКИ, DVD – ПРОДАЖА","21"
"840","АУДИТОРСКИЕ И БУХГАЛТЕРСКИЕ УСЛУГИ","1"
"850","БАГЕТ – ПРОДАЖА","5"
"860","БАНИ И САУНЫ","4"
"870","БАНИ, САУНЫ, КАМИНЫ, ПЕЧИ – ПРОДАЖА И МОНТАЖ ОБОРУДОВАНИЯ","7"
"890","БАНКИ ","0"
"900","БАНКИ – ПУНКТЫ ОБМЕНА ВАЛЮТЫ","0"
"920","БАССЕЙНЫ, ФОНТАНЫ – СТРОИТЕЛЬСТВО","7"
"930","БЕЗАЛКОГОЛЬНЫЕ НАПИТКИ – ПРОИЗВОДСТВО, ОПТОВАЯ ПРОДАЖА","4"
"940","БЕЛЬЕ – ПРОДАЖА ","95"
"960","БЕТОН – ПРОИЗВОДСТВО, ПРОДАЖА","6"
"970","БИБЛИОТЕКИ","0"
"980","БИЖУТЕРИЯ, ГАЛАНТЕРЕЯ, КОЖГАЛАНТЕРЕЯ – ПРОДАЖА","215"
"1000","БИЛЕТЫ  АВИА-,  Ж/Д ТРАНСПОРТ – ПРОДАЖА, ЗАКАЗ ","9"
"1010","БИЛЬЯРД","1"
"1030","БОЛЬНИЦЫ ","0"
"1060","БУКМЕКЕРЫ","0"
"1070","БУМАГА, КАРТОН – ПРОДАЖА, ПРОИЗВОДСТВО","0"
"1080","БУХГАЛТЕРСКИЕ ПРОГРАММЫ","0"
"1090","БЫТОВАЯ ТЕХНИКА – ПРОДАЖА ","26"
"1100","БЫТОВАЯ ТЕХНИКА – РЕМОНТ","0"
"1110","БЫТОВАЯ ХИМИЯ – ПРОДАЖА ","114"
"1120","БЫТОВЫЕ УСЛУГИ ","5"
"1130","БЮРО ТЕХНИЧЕСКОЙ ИНВЕНТАРИЗАЦИИ","0"
"1150","ВЕНТИЛЯЦИОННЫЕ СИСТЕМЫ – ИЗГОТОВЛЕНИЕ, МОНТАЖ, РЕМОНТ","13"
"1170","ВЕТЕРИНАРНЫЕ КЛИНИКИ, СТАНЦИИ, УЧАСТКИ","6"
"1240","ВИТРАЖИ – ИЗГОТОВЛЕНИЕ","9"
"1250","ВОДА МИНЕРАЛЬНАЯ, ПИТЬЕВАЯ – ПРОИЗВОДСТВО, ОПТОВАЯ ПРОДАЖА","4"
"1260","ВОДОСНАБЖЕНИЕ И КАНАЛИЗАЦИЯ","5"
"1280","ВОЕННАЯ ФОРМА, СПЕЦОДЕЖДА И ФУРНИТУРА – ПОШИВ, ПРОДАЖА","9"
"1290","ВОКЗАЛЫ, АВТОВОКЗАЛЫ, АЭРОВОКЗАЛЫ ","0"
"1300","ВРАЧЕБНО-ТРУДОВЫЕ ЭКСПЕРТИЗЫ ","0"
"1310","ВТОРИЧНОЕ СЫРЬЕ – ПЕРЕРАБОТКА, ПРОДАЖА","0"
"1330","ВЫСТАВОЧНЫЕ ЗАЛЫ И ГАЛЕРЕИ ХУДОЖЕСТВЕННЫЕ ","3"
"1340","ВЫСШИЕ УЧЕБНЫЕ ЗАВЕДЕНИЯ","0"
"1350","ВЫШИВКА – ИЗГОТОВЛЕНИЕ, ПРОДАЖА","5"
"1360","ГАЗ ПРИРОДНЫЙ – ПОСТАВКА, ПЕРЕРАБОТКА","0"
"1370","ГАЗЕТЫ, ЖУРНАЛЫ, СПРАВОЧНИКИ – РЕДАКЦИИ","1"
"1380","ГАЗЫ ТЕХНИЧЕСКИЕ И МЕДИЦИНСКИЕ – ПРОДАЖА, ПРОИЗВОДСТВО","0"
"1390","ГАРАЖНЫЕ КООПЕРАТИВЫ","0"
"1400","ГЕОЛОГИ","0"
"1420","ГИПСОКАРТОН – ПРОДАЖА","25"
"1450","ГОРОДСКОЙ ПАССАЖИРСКИЙ ТРАНСПОРТ","0"
"1470","ГОСТИНИЦЫ","0"
"1490","ДВОРЦЫ И ДОМА КУЛЬТУРЫ, КЛУБЫ","0"
"1510","ДЕКОРАТИВНО-ПРИКЛАДНОЕ ИСКУССТВО","4"
"1530","ДЕТСКАЯ ОДЕЖДА, ДЕТСКИЕ ТОВАРЫ – ПРОДАЖА","148"
"1540","ДЕТСКИЕ ДОМА, ПРИЕМНИКИ И ПРИЮТЫ","0"
"1550","ДЕТСКИЕ И МОЛОДЕЖНЫЕ ОРГАНИЗАЦИИ","1"
"1560","ДЕТСКИЕ САДЫ, ЯСЛИ","0"
"1570","ДЕТСКИЕ ТОВАРЫ – ИГРУШКИ, ИГРЫ","82"
"1590","ДЕТСКОЕ ПИТАНИЕ – ПРОДАЖА","34"
"1600","ДИЗАЙН ИНТЕРЬЕРА","35"
"1610","ДИСПАНСЕРЫ","0"
"1620","ДОМА И ПАНСИОНАТЫ ДЛЯ ВЕТЕРАНОВ, ИНВАЛИДОВ И ПРЕСТАРЕЛЫХ","0"
"1630","ДОРОЖНО-СТРОИТЕЛЬНЫЕ РАБОТЫ","0"
"1650","ДОРОЖНЫЕ ЗНАКИ – ИЗГОТОВЛЕНИЕ","0"
"1660","ДОШКОЛЬНОЕ ОБУЧЕНИЕ ДОПОЛНИТЕЛЬНОЕ","1"
"1670","ЖАЛЮЗИ И РОЛЬСТАВНИ – ПРОДАЖА, УСТАНОВКА, РЕМОНТ","38"
"1680","ЖЕЛЕЗОБЕТОННЫЕ ИЗДЕЛИЯ И КОНСТРУКЦИИ – ПРОИЗВОДСТВО","0"
"1690","ЖЕНСКИЕ КОНСУЛЬТАЦИИ","1"
"1700","ЖИЛИЩНО-КОММУНАЛЬНОЕ ХОЗЯЙСТВО","0"
"1720","ЗАГСЫ, ДВОРЦЫ БРАКОСОЧЕТАНИЯ, БРАЧНЫЕ АГЕНТСТВА","0"
"1730","ЗАМКИ, ЗАПОРНЫЕ УСТРОЙСТВА – ПРОДАЖА, УСТАНОВКА, РЕМОНТ","4"
"1740","ЗАНАВЕСИ, ШТОРЫ, КАРНИЗЫ – ПОШИВ, ПРОДАЖА","28"
"1750","ЗАПОВЕДНИКИ, ЗАКАЗНИКИ","0"
"1760","ЗЕМЛЕУСТРОИТЕЛИ","0"
"1770","ЗЕРКАЛА – ИЗГОТОВЛЕНИЕ, РЕМОНТ, ПРОДАЖА","13"
"1780","ЗООЛОГИЧЕСКИЕ ТОВАРЫ И УСЛУГИ","19"
"1790","ИЗДАТЕЛЬСТВА","2"
"1800","ИНЖИНИРИНГ – УСЛУГИ","1"
"1820","ИНОСТРАННЫЕ ЯЗЫКИ – ПЕРЕВОДЫ","0"
"1840","ИНСТИТУТЫ – НАУЧНО-ИССЛЕДОВАТЕЛЬСКИЕ, ПРОЕКТНЫЕ","0"
"1860","ИНСТРУМЕНТЫ – ПРОДАЖА, РЕМОНТ","38"
"1870","ИНСТРУМЕНТЫ – ПРОИЗВОДСТВО","0"
"1880","ИНТЕРНЕТ – ВЕБ-ДИЗАЙН","0"
"1900","ИНТЕРНЕТ – УСЛУГИ ДОСТУПА","1"
"1910","ИНТИМНЫЕ ТОВАРЫ – ПРОДАЖА","2"
"1920","ИНФОРМАЦИОННЫЕ АГЕНТСТВА, СЛУЖБЫ, ЦЕНТРЫ","0"
"1930","КАМЕНЬ НАТУРАЛЬНЫЙ – ОБРАБОТКА, ПРОИЗВОДСТВО ИЗДЕЛИЙ","9"
"1950","КАНЦЕЛЯРСКИЕ ТОВАРЫ – ПРОДАЖА ","58"
"1960","КАРТОГРАФИЯ И ГЕОДЕЗИЯ","0"
"1980","КАССОВЫЕ АППАРАТЫ, ВЕСЫ – ПРОДАЖА, РАСХОДНЫЕ МАТЕРИАЛЫ, РЕМОНТ","1"
"2010","КИНО-, ВИДЕОСТУДИИ","2"
"2020","КИНОЛОГИЧЕСКИЕ ОРГАНИЗАЦИИ, ФЕЛИНОЛОГИ","0"
"2030","КИНОТЕАТРЫ И КИНОКОНЦЕРТНЫЕ ЗАЛЫ, DVD-ЗАЛЫ","0"
"2040","КИРПИЧ – ПРОИЗВОДСТВО, ПРОДАЖА","8"
"2050","КЛУБЫ НОЧНЫЕ, ДИСКОТЕКИ","0"
"2070","КНИГИ – ПРОДАЖА ","24"
"2080","КОВРЫ, ПАЛАСЫ, КОВРОВЫЕ ПОКРЫТИЯ – ПРОДАЖА ","8"
"2090","КОЖАНЫЕ ИЗДЕЛИЯ – ПРОДАЖА ","9"
"2100","КОЛБАСНЫЕ ИЗДЕЛИЯ – ПРОДАЖА, ПРОИЗВОДСТВО","11"
"2120","КОЛХОЗЫ, СОВХОЗЫ, КРЕСТЬЯНСКО-ФЕРМЕРСКИЕ ХОЗЯЙСТВА","0"
"2130","КОМПЬЮТЕРНЫЕ КЛУБЫ","0"
"2160","КОМПЬЮТЕРЫ – ПРОГРАММНОЕ ОБЕСПЕЧЕНИЕ","13"
"2180","КОМПЬЮТЕРЫ, ОРГТЕХНИКА – ПРОДАЖА, РЕМОНТ, СЕРВИС","44"
"2200","КОНДИТЕРСКИЕ ИЗДЕЛИЯ – ПРОИЗВОДСТВО, ПРОДАЖА ","57"
"2210","КОНДИЦИОНЕРЫ – ПРОДАЖА, УСТАНОВКА, РЕМОНТ","37"
"2230","КОНЕВОДСТВО, КОНЕЗАВОДЫ","0"
"2260","КОНФЕРЕНЦ-ЗАЛЫ","0"
"2280","КОСМЕТИКА И ПАРФЮМЕРИЯ – ПРОДАЖА","117"
"2320","КРАСКИ, ЛАКИ – ПРОДАЖА ","50"
"2330","КРОВЕЛЬНЫЕ МАТЕРИАЛЫ – ПРОДАЖА","23"
"2350","КУЛЬТУРНО-ПРОСВЕТИТЕЛЬСКАЯ ДЕЯТЕЛЬНОСТЬ","0"
"2360","КУРСЫ – ОБУЧЕНИЯ И ПЕРЕПОДГОТОВКИ","9"
"2370","КУРЬЕРСКИЕ СЛУЖБЫ, УСЛУГИ","4"
"2390","ЛАНДШАФТНОЕ ПРОЕКТИРОВАНИЕ, ФИТОДИЗАЙН","15"
"2400","ЛЕКСАН – ПРОДАЖА","2"
"2420","ЛЕСОПИЛОМАТЕРИАЛЫ – ПРОДАЖА, ПРОИЗВОДСТВО","15"
"2430","ЛЕСТНИЦЫ – ИЗГОТОВЛЕНИЕ","3"
"2450","ЛИНЗЫ КОНТАКТНЫЕ ","12"
"2460","ЛИФТЫ – ТЕХНИЧЕСКОЕ ОБСЛУЖИВАНИЕ ","0"
"2480","ЛИЦЕНЗИРОВАНИЕ И СЕРТИФИКАЦИЯ ТОВАРОВ И УСЛУГ","1"
"2485","ЛОКАЛЬНЫЕ ВЫЧИСЛИТЕЛЬНЫЕ СЕТИ ","6"
"2490","ЛОМБАРДЫ","5"
"2540","МЕБЕЛЬ – ИЗГОТОВЛЕНИЕ И РЕМОНТ","70"
"2550","МЕБЕЛЬ ДЛЯ ДОМА – ПРОДАЖА ","132"
"2560","МЕБЕЛЬ ДЛЯ ОФИСОВ И ПРЕДПРИЯТИЙ – ПРОДАЖА","68"
"2570","МЕБЕЛЬНАЯ ФУРНИТУРА – ПРОДАЖА","11"
"2580","МЕД – ПРОДАЖА","6"
"2600","МЕДИЦИНА – ДИАГНОСТИКА, КОНСУЛЬТАЦИИ, ОБСЛЕДОВАНИЕ ","4"
"2610","МЕДИЦИНА – КОСМЕТОЛОГИЯ И ПЛАСТИЧЕСКАЯ ХИРУРГИЯ","2"
"2620","МЕДИЦИНА – ЛАБОРАТОРИИ","2"
"2640","МЕДИЦИНА – НЕМЕДИКАМЕНТОЗНЫЕ МЕТОДЫ ЛЕЧЕНИЯ","2"
"2650","МЕДИЦИНА – ОБЪЕДИНЕНИЯ, ЦЕНТРЫ","4"
"2660","МЕДИЦИНА – СУДЕБНАЯ ЭКСПЕРТИЗА","0"
"2670","МЕДИЦИНСКИЕ КОМИССИИ ДЛЯ ВОДИТЕЛЕЙ","0"
"2680","МЕДИЦИНСКИЕ ПРИБОРЫ, ИНСТРУМЕНТЫ – ПРОДАЖА","12"
"2710","МЕТАЛЛОИЗДЕЛИЯ, МЕТАЛЛОКОНСТРУКЦИИ – ИЗГОТОВЛЕНИЕ, ПРОДАЖА","21"
"2730","МЕТАЛЛОПРОКАТ – ПРОДАЖА","6"
"2740","МЕТЕОРОЛОГИЯ","0"
"2750","МЕТРОЛОГИЯ","0"
"2760","МЕХА И МЕХОВЫЕ ИЗДЕЛИЯ – ПРОДАЖА ","6"
"2770","МОРОЖЕНОЕ – ПРОИЗВОДСТВО, ПРОДАЖА","0"
"2780","МУЗЕИ","0"
"2790","МУЗЫКАЛЬНЫЕ ИНСТРУМЕНТЫ – ПРОИЗВОДСТВО, ПРОДАЖА, РЕМОНТ","6"
"2820","НАСОСЫ, НАСОСНОЕ ОБОРУДОВАНИЕ – ПРОДАЖА, УСТАНОВКА","10"
"2830","НЕДВИЖИМОСТЬ – ОЦЕНКА","0"
"2840","НЕДВИЖИМОСТЬ – ПОКУПКА, ПРОДАЖА, АРЕНДА","2"
"2850","НЕФТЕПРОДУКТЫ – ПЕРЕРАБОТКА, ПРОИЗВОДСТВО","0"
"2860","НОТАРИУСЫ","0"
"2870","ОБОИ – ПРОДАЖА ","30"
"2880","ОБОРУДОВАНИЕ ЗВУКОВОЕ И ОСВЕТИТЕЛЬНОЕ","3"
"2885","ОБРАЗОВАНИЕ СРЕДНЕЕ, ПРОФЕССИОНАЛЬНОЕ","0"
"2890","ОБУВЬ – ПОШИВ, РЕМОНТ, ОКРАСКА","1"
"2900","ОБУВЬ – ПРОДАЖА ","175"
"2910","ОБУВЬ – ПРОТЕЗНО-ОРТОПЕДИЧЕСКАЯ – ИЗГОТОВЛЕНИЕ, РЕМОНТ ","1"
"2920","ОБУЧЕНИЕ ЗА РУБЕЖОМ ","3"
"2930","ОБЩЕЖИТИЯ","0"
"2940","ОБЩЕСТВЕННЫЕ ОРГАНИЗАЦИИ  И АССОЦИАЦИИ","1"
"2960","ОДЕЖДА SECOND HAND","7"
"2970","ОДЕЖДА ЖЕНСКАЯ – ПРОДАЖА","296"
"2980","ОДЕЖДА МУЖСКАЯ – ПРОДАЖА","154"
"2990","ОЗЕЛЕНЕНИЕ И БЛАГОУСТРОЙСТВО","6"
"3000","ОКНА И ДВЕРИ ИЗ АЛЮМИНИЯ","15"
"3010","ОКНА И ДВЕРИ ИЗ ДЕРЕВА","23"
"3020","ОКНА И ДВЕРИ ИЗ МЕТАЛЛОПЛАСТИКА","85"
"3030","ОПЕРАТИВНАЯ ПОЛИГРАФИЯ","2"
"3040","ОТДЕЛОЧНО-СТРОИТЕЛЬНЫЕ И РЕМОНТНЫЕ РАБОТЫ","15"
"3050","ОТОПИТЕЛЬНОЕ ОБОРУДОВАНИЕ И СИСТЕМЫ – ПРОДАЖА, МОНТАЖ","45"
"3060","ОТХОДЫ И МУСОР – ВЫВОЗ И ПЕРЕРАБОТКА","0"
"3070","ОФОРМЛЕНИЕ СВАДЕБ, ЮБИЛЕЕВ И ДРУГИХ ТОРЖЕСТВ","51"
"3080","ОХОТА И РЫБОЛОВСТВО – ХОЗЯЙСТВА, ОБЩЕСТВА","0"
"3090","ОХОТНИЧЬИ И РЫБОЛОВНЫЕ ПРИНАДЛЕЖНОСТИ","13"
"3100","ОХРАННАЯ ДЕЯТЕЛЬНОСТЬ И БЕЗОПАСНОСТЬ","3"
"3110","ОХРАННО-ПОЖАРНЫЕ СИСТЕМЫ – ПРОДАЖА, МОНТАЖ","31"
"3120","ОЧКИ И ОПТИКА – ПРОДАЖА","26"
"3150","ПАРИКМАХЕРСКИЕ ПРИНАДЛЕЖНОСТИ","22"
"3160","ПАРКЕТ, ПАРКЕТНАЯ ДОСКА – ПРОДАЖА","6"
"3170","ПАРКИ КУЛЬТУРЫ И ОТДЫХА","0"
"3210","ПЕРСОНАЛЬНЫЕ МАСТЕРСКИЕ","3"
"3220","ПЕЧАТИ, ШТАМПЫ – ИЗГОТОВЛЕНИЕ","4"
"3240","ПИВО – ПРОИЗВОДСТВО, ОПТОВАЯ ПРОДАЖА","0"
"3280","ПОДАРКИ, СУВЕНИРЫ – ПРОДАЖА","79"
"3290","ПОДШИПНИКИ – ПРОДАЖА","2"
"3310","ПОЛИКЛИНИКИ ","2"
"3320","ПОЛИМЕРНЫЕ МАТЕРИАЛЫ И ИЗДЕЛИЯ","2"
"3330","ПОЛИТИЧЕСКИЕ ПАРТИИ, ОРГАНИЗАЦИИ","0"
"3340","ПОСТЕЛЬНЫЕ ПРИНАДЛЕЖНОСТИ – ПРОИЗВОДСТВО, ПРОДАЖА","49"
"3350","ПОСУДА – ПРОДАЖА","60"
"3360","ПОСУДА РАЗОВАЯ – ПРОДАЖА","8"
"3390","ПОЧТА МЕЖДУНАРОДНАЯ ","0"
"3395","ПОЧТОВЫЕ УСЛУГИ","0"
"3400","ПРАЗДНИКИ – ОРГАНИЗАЦИЯ, ОБЕСПЕЧЕНИЕ","52"
"3410","ПРАЧЕЧНЫЕ ","1"
"3420","ПРОДОВОЛЬСТВЕННЫЕ МАГАЗИНЫ","202"
"3430","ПРОЕКТИРОВАНИЕ ПРОМЫШЛЕННЫХ И ГРАЖДАНСКИХ ОБЪЕКТОВ ","11"
"3440","ПРОКАТНЫЕ ПУНКТЫ – ПАЛАТКИ, СТОЛЫ, ПОСУДА","3"
"3450","ПРОМЫШЛЕННОЕ ОБОРУДОВАНИЕ","7"
"3460","ПРОМЫШЛЕННОЕ ПРОИЗВОДСТВО – ДОБЫВАЮЩАЯ ПРОМЫШЛЕННОСТЬ","0"
"3470","ПРОМЫШЛЕННОЕ ПРОИЗВОДСТВО – ЛЕГКАЯ ПРОМЫШЛЕННОСТЬ","2"
"3480","ПРОМЫШЛЕННОЕ ПРОИЗВОДСТВО – МАШИНОСТРОЕНИЕ, ПРИБОРОСТРОЕНИЕ","0"
"3490","ПРОМЫШЛЕННОЕ ПРОИЗВОДСТВО – МЕТАЛЛУРГИЯ","0"
"3500","ПРОМЫШЛЕННОЕ ПРОИЗВОДСТВО – ПИЩЕВАЯ ПРОМЫШЛЕННОСТЬ","4"
"3510","ПРОМЫШЛЕННОЕ ПРОИЗВОДСТВО – СТРОИТЕЛЬНЫЕ МАТЕРИАЛЫ","0"
"3511","ПРОМЫШЛЕННОЕ ПРОИЗВОДСТВО – ХИМИЧЕСКАЯ ПРОМЫШЛЕННОСТЬ","0"
"3512","ПРОМЫШЛЕННОЕ ПРОИЗВОДСТВО – ЭЛЕКТРОНИКА","0"
"3520","ПРОМЫШЛЕННОСТЬ – МАТЕРИАЛЬНО-ТЕХНИЧЕСКОЕ СНАБЖЕНИЕ","0"
"3530","ПРОМЫШЛЕННЫЙ АЛЬПИНИЗМ","1"
"3560","ПРЯЖА – ПРОДАЖА","2"
"3570","ПСИХОЛОГИ, ПСИХИАТРИЧЕСКАЯ ПОМОЩЬ","0"
"3580","ПТИЦЕВОДСТВО","0"
"3600","РАДИОСВЯЗЬ – СИСТЕМЫ, ОБОРУДОВАНИЕ, УСТРОЙСТВА","2"
"3630","РЕКЛАМА – В СЕТИ ИНТЕРНЕТ ","0"
"3640","РЕКЛАМА – НАРУЖНАЯ РЕКЛАМА","1"
"3650","РЕКЛАМА – ОРГАНИЗАЦИЯ И ПРОВЕДЕНИЕ РЕКЛАМНЫХ КАМПАНИЙ","0"
"3651","РЕКЛАМА – ПОЛИГРАФИЯ РЕКЛАМНАЯ","3"
"3660","РЕКЛАМА – ПРЯМАЯ ПОЧТОВАЯ РЕКЛАМА","0"
"3670","РЕКЛАМА – РАЗМЕЩЕНИЕ В СПРАВОЧНИКАХ, ГАЗЕТАХ, ЖУРНАЛАХ ","0"
"3680","РЕКЛАМА – РЕКЛАМА НА ТЕЛЕВИДЕНИИ И РАДИО","0"
"3690","РЕКЛАМА – СЫРЬЕ, МАТЕРИАЛЫ","0"
"3700","РЕКЛАМНАЯ ДЕЯТЕЛЬНОСТЬ, РЕКЛАМНЫЕ АГЕНТСТВА","1"
"3710","РЕЛИГИЯ – ОРГАНИЗАЦИИ, ЦЕРКОВНЫЕ ТОВАРЫ","0"
"3720","РЕСТОРАНЫ, БАРЫ, КАФЕ, БАНКЕТНЫЕ ЗАЛЫ","16"
"3730","РИТУАЛЬНЫЕ УСЛУГИ","3"
"3740","РОДИЛЬНЫЕ ДОМА","0"
"3750","РОСПЕЧАТЬ","0"
"3760","РЫБА – РЫБОХОЗЯЙСТВА","0"
"3770","РЫНКИ, ТОРГОВЫЕ ДОМА, ТОРГОВЫЕ ЦЕНТРЫ","2"
"3780","САДОВОДСТВО – САДОВОДЧЕСКИЕ ТОВАРИЩЕСТВА","0"
"3800","САДОВОДСТВО – СЕМЕНА, РАССАДА, ИНВЕНТАРЬ","6"
"3810","САЛОНЫ КРАСОТЫ, ПАРИКМАХЕРСКИЕ","205"
"3820","САНАТОРИИ, ПРОФИЛАКТОРИИ, ДОМА И БАЗЫ ОТДЫХА","0"
"3830","САНИТАРНО-ЭПИДЕМИОЛОГИЧЕСКИЕ СЛУЖБЫ","0"
"3840","САНТЕХНИКА – ПРОДАЖА ","53"
"3850","САНТЕХНИЧЕСКОЕ И ОТОПИТЕЛЬНОЕ ОБОРУДОВАНИЕ – МОНТАЖ","14"
"3860","СВАРОЧНОЕ ОБОРУДОВАНИЕ, ЭЛЕКТРОДЫ – ПРОДАЖА","2"
"3862","СВЯЗЬ – ТЕЛЕКОММУНИКАЦИОННЫЕ УСЛУГИ ","3"
"3870","СЕЙФЫ – ПРОДАЖА, РЕМОНТ","2"
"3890","СЕЛЬХОЗТЕХНИКА, ОБОРУДОВАНИЕ, ИНВЕНТАРЬ – ПРОДАЖА","2"
"3900","СКЛАДСКИЕ УСЛУГИ","0"
"3910","СКОРАЯ МЕДИЦИНСКАЯ ПОМОЩЬ","0"
"3930","СОТОВАЯ СВЯЗЬ","4"
"3940","СОТОВАЯ СВЯЗЬ – ОПЛАТА УСЛУГ","12"
"3950","СОТОВЫЕ ТЕЛЕФОНЫ – ПРОДАЖА, ПОДКЛЮЧЕНИЕ","61"
"3960","СОТОВЫЕ ТЕЛЕФОНЫ – РЕМОНТ","9"
"3990","СПИД – ДИАГНОСТИКА, КОНСУЛЬТАЦИИ ","0"
"4010","СПОРТИВНЫЕ И ТУРИСТИЧЕСКИЕ ТОВАРЫ – ПРОДАЖА","39"
"4020","СПОРТИВНЫЕ КОМПЛЕКСЫ, СТАДИОНЫ, ЗАЛЫ, БАССЕЙНЫ","4"
"4030","СПОРТИВНЫЕ ОБЩЕСТВА, КЛУБЫ, ФЕДЕРАЦИИ","2"
"4060","СПРАВОЧНЫЕ СЛУЖБЫ","1"
"4070","СПУТНИКОВАЯ НАВИГАЦИЯ И МОНИТОРИНГ","4"
"4080","СТАНЦИИ ПЕРЕЛИВАНИЯ КРОВИ","0"
"4090","СТЕКЛО – ПРОДАЖА","5"
"4100","СТЕКЛОИЗДЕЛИЯ, СТЕКЛОТАРА – ПРОИЗВОДСТВО ","4"
"4120","СТОМАТОЛОГИЧЕСКАЯ ПОМОЩЬ","0"
"4130","СТРАХОВАНИЕ, СТРАХОВЫЕ КОМПАНИИ","1"
"4140","СТРОИТЕЛЬНЫЕ И ОТДЕЛОЧНЫЕ МАТЕРИАЛЫ – ПРОДАЖА","173"
"4150","СТРОИТЕЛЬНЫЕ И ОТДЕЛОЧНЫЕ МАТЕРИАЛЫ – ПРОИЗВОДСТВО","8"
"4170","СТРОИТЕЛЬНЫЕ КОНСТРУКЦИИ – ПРОИЗВОДСТВО, ПРОДАЖА","0"
"4180","СТРОИТЕЛЬНЫЕ РАБОТЫ – ГИДРОИЗОЛЯЦИОННЫЕ И ГИДРОТЕХНИЧЕСКИЕ","2"
"4190","СТРОИТЕЛЬНЫЕ РАБОТЫ – ЗЕМЛЯНЫЕ","0"
"4200","СТРОИТЕЛЬНЫЕ РАБОТЫ – КРОВЕЛЬНЫЕ","2"
"4210","СТРОИТЕЛЬНЫЕ РАБОТЫ – МОНТАЖНЫЕ","2"
"4220","СТРОИТЕЛЬНЫЕ, СТРОИТЕЛЬНО-МОНТАЖНЫЕ ОРГАНИЗАЦИИ ","10"
"4230","СУПЕРМАРКЕТЫ, УНИВЕРСАМЫ, УНИВЕРМАГИ","44"
"4240","ТАБАЧНЫЕ ИЗДЕЛИЯ – ПРОДАЖА ","4"
"4250","ТАКСИ ЛЕГКОВЫЕ ","1"
"4260","ТАНЦЕВАЛЬНЫЕ И МУЗЫКАЛЬНЫЕ АНСАМБЛИ, ОРКЕСТРЫ","5"
"4280","ТЕАТРЫ","0"
"4290","ТЕЛЕВИДЕНИЕ И РАДИОВЕЩАНИЕ","3"
"4300","ТЕЛЕФОН – ТЕЛЕФОННАЯ СЕТЬ","0"
"4310","ТЕЛЕФОН, ТЕЛЕГРАФ – МЕЖДУГОРОДНЫЙ, МЕЖДУНАРОДНЫЙ","0"
"4330","ТЕПЛОСЕТЬ – ТЕПЛОСНАБЖЕНИЕ ","0"
"4340","ТИПОГРАФИИ","1"
"4360","ТКАНИ И ШВЕЙНАЯ ФУРНИТУРА – ПРОДАЖА ","19"
"4380","ТОВАРЫ ДЛЯ БУДУЩИХ МАТЕРЕЙ","12"
"4390","ТОПЛИВО – ОПТОВАЯ ПРОДАЖА","0"
"4400","ТОРГОВОЕ ОБОРУДОВАНИЕ  – ПРОИЗВОДСТВО, ПРОДАЖА, СЕРВИС","17"
"4430","ТОРГОВЫЕ ОРГАНИЗАЦИИ – ОПТОВЫЕ ФИРМЫ","20"
"4440","ТОРГОВЫЕ ОРГАНИЗАЦИИ – ПОТРЕБСОЮЗЫ","0"
"4450","ТРАВМАТОЛОГИЧЕСКИЕ ПУНКТЫ","0"
"4470","ТРОТУАРНАЯ ПЛИТКА – ПРОИЗВОДСТВО, ПРОДАЖА","11"
"4480","ТРУБОПРОВОДЫ – СТРОИТЕЛЬСТВО, МОНТАЖ, РЕМОНТ","0"
"4490","ТРУБЫ И ТРУБОПРОВОДНАЯ АРМАТУРА – ПРОДАЖА","11"
"4500","ТРУДОУСТРОЙСТВО","0"
"4520","ТУРИСТИЧЕСКИЕ ФИРМЫ И ЭКСКУРСИОННЫЕ БЮРО","72"
"4530","УБОРКА ПОМЕЩЕНИЙ","2"
"4540","УПАКОВКА, ТАРА – ПРОДАЖА, УСЛУГИ","24"
"4550","УПАКОВКА, ТАРА – ПРОИЗВОДСТВО","0"
"4560","УСЛУГИ – БИЗНЕС ДЛЯ БИЗНЕСА","1"
"4590","ФИТНЕС-КЛУБЫ","24"
"4610","ФОТОЛАБОРАТОРИИ, ФОТОУСЛУГИ, ФОТОАТЕЛЬЕ","30"
"4620","ХИМИЧЕСКАЯ ЧИСТКА И ОКРАШИВАНИЕ","2"
"4630","ХЛЕБОПРОДУКТЫ – ПРОИЗВОДСТВО ","12"
"4640","ХОЗТОВАРЫ – ПРОДАЖА","59"
"4650","ХОРЫ","0"
"4670","ЦВЕТЫ, ДЕКОРАТИВНЫЕ РАСТЕНИЯ – ПРОДАЖА","36"
"4680","ЦЕМЕНТ – ПРОДАЖА","16"
"4690","ЦЕННЫЕ БУМАГИ – ОПЕРАЦИИ, РЕЕСТРЫ","0"
"4700","ЧАЙ, КОФЕ – ПРОДАЖА","13"
"4710","ЧАСЫ – ПРОДАЖА ","24"
"4730","ЧУЛОЧНО-НОСОЧНЫЕ ИЗДЕЛИЯ – ПРОИЗВОДСТВО","0"
"4750","ШКОЛЫ – ВЕЧЕРНИЕ","0"
"4751","ШКОЛЫ – ИНТЕРНАТЫ","0"
"4760","ШКОЛЫ – ИСКУССТВ","0"
"4761","ШКОЛЫ – ЛИЦЕИ","0"
"4770","ШКОЛЫ – МОДЕЛЕЙ","0"
"4780","ШКОЛЫ – МУЗЫКАЛЬНЫЕ","0"
"4790","ШКОЛЫ – ОБЩЕОБРАЗОВАТЕЛЬНЫЕ ","0"
"4800","ШКОЛЫ – СПЕЦИАЛИЗИРОВАННЫЕ","0"
"4810","ШКОЛЫ – СПОРТИВНЫЕ","0"
"4820","ШКОЛЫ – ХУДОЖЕСТВЕННЫЕ","0"
"4830","ШКОЛЫ – ЧАСТНЫЕ","0"
"4840","ЭВАКУАЦИЯ ТРАНСПОРТА","0"
"4850","ЭКОЛОГИЧЕСКИЕ ОРГАНИЗАЦИИ – ОХРАНА ОКРУЖАЮЩЕЙ СРЕДЫ","0"
"4880","ЭЛЕКТРОМОНТАЖНЫЕ И ЭЛЕКТРОТЕХНИЧЕСКИЕ РАБОТЫ","4"
"4900","ЭЛЕКТРОСНАБЖЕНИЕ ","0"
"4910","ЭЛЕКТРОТОВАРЫ – ПРОДАЖА ","53"
"4920","ЭНЕРГЕТИКА – СТРОИТЕЛЬСТВО, ОБСЛУЖИВАНИЕ ОБЪЕКТОВ","0"
"4930","ЮВЕЛИРНЫЕ ИЗДЕЛИЯ – ИЗГОТОВЛЕНИЕ, РЕМОНТ","3"
"4940","ЮВЕЛИРНЫЕ ИЗДЕЛИЯ – ПРОДАЖА ","33"
"4950","ЮРИДИЧЕСКИЕ КОНСУЛЬТАЦИИ И УСЛУГИ","0"
"4951","официальный","0"
"4952","ОФИЦИАЛЬНЫЙ РАЗДЕЛ - ГЛАВА РСО-АЛАНИЯ","0"
"4953","ОФИЦИАЛЬНЫЙ РАЗДЕЛ - ПРАВИТЕЛЬСТВО РСО-АЛАНИЯ","0"
"4954","ОФИЦИАЛЬНЫЙ РАЗДЕЛ - ПАРЛАМЕНТ РСО-АЛАНИЯ","0"
"4955","ОФИЦИАЛЬНЫЙ РАЗДЕЛ - АДМИНИСТРАЦИЯ Г.ВЛАДИКАВКАЗА","0"
"4956","ОФИЦИАЛЬНЫЙ РАЗДЕЛ - АДМИНИСТРАЦИИ МУНИЦИПАЛЬНЫХ ОКРУГОВ Г.ВЛАДИКАВКАЗ","0"
"4957","ОФИЦИАЛЬНЫЙ РАЗДЕЛ - АДМИНИСТРАЦИИ РАЙОНОВ РСО-А","0"
"4958","ОФИЦИАЛЬНЫЙ РАЗДЕЛ - АГЕНТСТВА","0"
"4959","ОФИЦИАЛЬНЫЙ РАЗДЕЛ - АРХИВЫ","0"
"4960","ОФИЦИАЛЬНЫЙ РАЗДЕЛ - ВОЕНКОМАТЫ, ВОИНСКИЕ ЧАСТИ, КОМЕНДАТУРЫ","0"
"4961","ОФИЦИАЛЬНЫЙ РАЗДЕЛ - ДЕПАРТАМЕНТЫ","0"
"4962","ОФИЦИАЛЬНЫЙ РАЗДЕЛ - ДИРЕКЦИИ","0"
"4963","ОФИЦИАЛЬНЫЙ РАЗДЕЛ - ИНСПЕКЦИИ","0"
"4964","ОФИЦИАЛЬНЫЙ РАЗДЕЛ - КОМИССИИ","0"
"4965","ОФИЦИАЛЬНЫЙ РАЗДЕЛ - КОМИТЕТЫ","0"
"4966","ОФИЦИАЛЬНЫЙ РАЗДЕЛ - МИНИСТЕРСТВА","0"
"4967","ОФИЦИАЛЬНЫЙ РАЗДЕЛ - ПОЛИЦИЯ – МВД","1"
"4968","ОФИЦИАЛЬНЫЙ РАЗДЕЛ - ПАЛАТЫ","0"
"4969","ОФИЦИАЛЬНЫЙ РАЗДЕЛ - ПРЕДСТАВИТЕЛЬСТВА","0"
"4970","ОФИЦИАЛЬНЫЙ РАЗДЕЛ - ПРОКУРАТУРЫ","0"
"4971","ОФИЦИАЛЬНЫЙ РАЗДЕЛ - ПРОФСОЮЗНЫЕ ОРГАНИЗАЦИИ","0"
"4972","ОФИЦИАЛЬНЫЙ РАЗДЕЛ - СЛУЖБЫ","0"
"4973","ОФИЦИАЛЬНЫЙ РАЗДЕЛ - СУДЫ","0"
"4974","ОФИЦИАЛЬНЫЙ РАЗДЕЛ - УПРАВЛЕНИЯ","0"
"4975","ОФИЦИАЛЬНЫЙ РАЗДЕЛ - ФОНДЫ","0"
"4976","ОФИЦИАЛЬНЫЙ РАЗДЕЛ - ЦЕНТРЫ","0"
"4977","ОФИЦИАЛЬНЫЙ РАЗДЕЛ - ДРУГИЕ ОФИЦИАЛЬНЫЕ ОРГАНЫ","0"
"4978","ОФИЦИАЛЬНЫЙ РАЗДЕЛ - ТАМОЖНЯ","0"
"4979","ОФИЦИАЛЬНЫЙ РАЗДЕЛ - ПРЕЗИДЕНТ РЮО","0"
"4980","ОФИЦИАЛЬНЫЙ РАЗДЕЛ - ПАРЛАМЕНТ РЮО","0"
"4981","ОФИЦИАЛЬНЫЙ РАЗДЕЛ - ПРАВИТЕЛЬСТВО РЮО","0"
"4982","ОФИЦИАЛЬНЫЙ РАЗДЕЛ - АДМИНИСТРАЦИЯ Г.ЦХИНВАЛ","0"
"4983","ОФИЦИАЛЬНЫЙ РАЗДЕЛ - АДМИНИСТРАЦИИ РАЙОНОВ РЮО","0"
"4984","НАТЯЖНЫЕ ПОТОЛКИ – ИЗГОТОВЛЕНИЕ, УСТАНОВКА","12"
"4985","ДЕТСКИЕ РАЗВЛЕКАТЕЛЬНЫЕ ЦЕНТРЫ","1"
"4989","ТОРГОВЫЕ ЦЕНТРЫ","0"
"4991","ТОНИРОВКА ОКОН","3"
"4994","СВАДЕБНЫЕ ПРИНАДЛЕЖНОСТИ, АКСЕССУАРЫ – ПРОДАЖА, ПРОКАТ","43"
"5000","АВИАГРУЗОПЕРЕВОЗКИ","0"
"5002","ОФИЦИАЛЬНЫЙ РАЗДЕЛ – ПОЛИЦИЯ – ГИБДД","0"
"5003","ОФИЦИАЛЬНЫЙ РАЗДЕЛ – ПОЛИЦИЯ – ОВД","0"
"5004","ОФИЦИАЛЬНЫЙ РАЗДЕЛ – ПОЛИЦИЯ – ВНЕВЕДОМСТВЕННАЯ ОХРАНА","0"
"5005","ОФИЦИАЛЬНЫЙ РАЗДЕЛ – НАЛОГОВЫЕ СЛУЖБЫ","0"
"5007","ОФИЦИАЛЬНЫЙ РАЗДЕЛ – МИГРАЦИОННЫЕ СЛУЖБЫ","0"
"5008","ОФИЦИАЛЬНЫЙ РАЗДЕЛ – МЧС","0"
